fileName,altText,description
classroom-2093743.jpg,ALT_TEXT,Salutantibus vitae elit libero a pharetra augue.
graduation-2038864.jpg,ALT_TEXT,Hi omnes lingua institutis legibus inter se differunt.
classroom-2093744.jpg,ALT_TEXT,Magna pars studiorum prodita quaerimus.
notebook-2178656.jpg,ALT_TEXT,Donec sed odio operae eu vulputate felis rhoncus.
library-869061.jpg,ALT_TEXT,Tityre tu patulae recubans sub tegmine fagi dolor.
graduation-995042.jpg,ALT_TEXT,Hi omnes lingua institutis legibus inter se differunt.
man-2562325.jpg,ALT_TEXT,Salutantibus vitae elit libero a pharetra augue.
johns-hopkins-university-1590925.jpg,ALT_TEXT,Magna pars studiorum prodita quaerimus.
laptop-2562361.jpg,ALT_TEXT,Tityre tu patulae recubans sub tegmine fagi dolor.
books-2596809.jpg,ALT_TEXT,Donec sed odio operae eu vulputate felis rhoncus.
university-105709.jpg,ALT_TEXT,Hi omnes lingua institutis legibus inter se differunt.